{"cameraMode":{"drawMode":0,"name":"Shaded","section":"Shading Mode"},"sceneLighting":false,"audioPlay":false,"sceneViewState":{"showFog":true,"showMaterialUpdate":false,"showSkybox":true,"showFlares":true,"showImageEffects":true,"showParticleSystems":true},"in2DMode":false,"pivot":{"x":-0.69765704870224,"y":0.6937198638916016,"z":0.9822903871536255},"rotation":{"x":-0.4135686755180359,"y":0.13814127445220948,"z":-0.06364315748214722,"w":-0.8976789712905884},"size":3.7563178539276125,"orthographic":false}