{"cameraMode":{"drawMode":0,"name":"Shaded","section":"Shading Mode"},"sceneLighting":false,"audioPlay":false,"sceneViewState":{"showFog":true,"showMaterialUpdate":false,"showSkybox":true,"showFlares":true,"showImageEffects":true,"showParticleSystems":true},"in2DMode":false,"pivot":{"x":3.75,"y":-2.7199997901916506,"z":6.630000114440918},"rotation":{"x":-0.15777593851089478,"y":0.732254683971405,"z":-0.18130962550640107,"w":-0.6372100710868836},"size":12.658421516418457,"orthographic":false}