{"cameraMode":{"drawMode":0,"name":"Shaded","section":"Shading Mode"},"sceneLighting":false,"audioPlay":false,"sceneViewState":{"showFog":true,"showMaterialUpdate":false,"showSkybox":true,"showFlares":true,"showImageEffects":true,"showParticleSystems":true},"in2DMode":false,"pivot":{"x":-0.0013739466667175294,"y":0.8425286412239075,"z":-0.15221521258354188},"rotation":{"x":0.02568724751472473,"y":0.9581551551818848,"z":-0.2701457142829895,"w":0.09110581129789353},"size":3.94931697845459,"orthographic":false}