{"cameraMode":{"drawMode":0,"name":"Shaded","section":"Shading Mode"},"sceneLighting":false,"audioPlay":false,"sceneViewState":{"showFog":true,"showMaterialUpdate":false,"showSkybox":true,"showFlares":true,"showImageEffects":true,"showParticleSystems":true},"in2DMode":false,"pivot":{"x":-0.6333165764808655,"y":2.3193087577819826,"z":0.9883823394775391},"rotation":{"x":-0.46250924468040469,"y":0.07536380738019943,"z":-0.03949665650725365,"w":-0.8825222849845886},"size":5.7816925048828129,"orthographic":false}