{"cameraMode":{"drawMode":0,"name":"Shaded","section":"Shading Mode"},"sceneLighting":false,"audioPlay":false,"sceneViewState":{"showFog":true,"showMaterialUpdate":false,"showSkybox":true,"showFlares":true,"showImageEffects":true,"showParticleSystems":true},"in2DMode":false,"pivot":{"x":0.3535604476928711,"y":0.05998659133911133,"z":0.30092912912368777},"rotation":{"x":-0.20119783282279969,"y":0.6762005686759949,"z":-0.20011116564273835,"w":-0.6798734068870544},"size":5.031132221221924,"orthographic":false}