{"cameraMode":{"drawMode":0,"name":"Shaded","section":"Shading Mode"},"sceneLighting":false,"audioPlay":false,"sceneViewState":{"showFog":true,"showMaterialUpdate":false,"showSkybox":true,"showFlares":true,"showImageEffects":true,"showParticleSystems":true},"in2DMode":false,"pivot":{"x":-1.300093650817871,"y":0.5677386522293091,"z":1.4833958148956299},"rotation":{"x":-0.09588146954774857,"y":0.8234610557556152,"z":-0.14628294110298158,"w":-0.5397406220436096},"size":5.723871231079102,"orthographic":false}