{"cameraMode":{"drawMode":0,"name":"Shaded","section":"Shading Mode"},"sceneLighting":false,"audioPlay":false,"sceneViewState":{"showFog":true,"showMaterialUpdate":false,"showSkybox":true,"showFlares":true,"showImageEffects":true,"showParticleSystems":true},"in2DMode":false,"pivot":{"x":0.3665221333503723,"y":0.10049021244049072,"z":1.0924053192138672},"rotation":{"x":-0.17470292747020722,"y":0.7892299890518189,"z":-0.26137638092041018,"w":-0.5275200605392456},"size":2.8329849243164064,"orthographic":false}