{"cameraMode":{"drawMode":0,"name":"Shaded","section":"Shading Mode"},"sceneLighting":false,"audioPlay":false,"sceneViewState":{"showFog":true,"showMaterialUpdate":false,"showSkybox":true,"showFlares":true,"showImageEffects":true,"showParticleSystems":true},"in2DMode":false,"pivot":{"x":-0.22051723301410676,"y":0.9138789772987366,"z":-0.2341735064983368},"rotation":{"x":-0.15777593851089478,"y":0.732254683971405,"z":-0.18130962550640107,"w":-0.6372100710868836},"size":5.031132221221924,"orthographic":false}