{"cameraMode":{"drawMode":0,"name":"Shaded","section":"Shading Mode"},"sceneLighting":false,"audioPlay":false,"sceneViewState":{"showFog":true,"showMaterialUpdate":false,"showSkybox":true,"showFlares":true,"showImageEffects":true,"showParticleSystems":true},"in2DMode":false,"pivot":{"x":-1.8185672760009766,"y":-3.0162646770477297,"z":-3.0261752605438234},"rotation":{"x":-0.23642204701900483,"y":0.6662355661392212,"z":-0.2362796515226364,"w":-0.6666383743286133},"size":10.515456199645996,"orthographic":false}