{"cameraMode":{"drawMode":0,"name":"Shaded","section":"Shading Mode"},"sceneLighting":false,"audioPlay":false,"sceneViewState":{"showFog":true,"showMaterialUpdate":false,"showSkybox":true,"showFlares":true,"showImageEffects":true,"showParticleSystems":true},"in2DMode":false,"pivot":{"x":-0.054564833641052249,"y":0.9755635857582092,"z":0.6547333002090454},"rotation":{"x":-0.08626426756381989,"y":0.9090456962585449,"z":-0.23581001162528993,"w":-0.3325478434562683},"size":1.946800947189331,"orthographic":false}