{"cameraMode":{"drawMode":0,"name":"Shaded","section":"Shading Mode"},"sceneLighting":false,"audioPlay":false,"sceneViewState":{"showFog":true,"showMaterialUpdate":false,"showSkybox":true,"showFlares":true,"showImageEffects":true,"showParticleSystems":true},"in2DMode":false,"pivot":{"x":-1.1070466041564942,"y":0.9164066314697266,"z":0.5720994472503662},"rotation":{"x":-0.2929914593696594,"y":0.3947807848453522,"z":-0.13443951308727265,"w":-0.8603662848472595},"size":8.9185152053833,"orthographic":false}