{"cameraMode":{"drawMode":0,"name":"Shaded","section":"Shading Mode"},"sceneLighting":false,"audioPlay":false,"sceneViewState":{"showFog":true,"showMaterialUpdate":false,"showSkybox":true,"showFlares":true,"showImageEffects":true,"showParticleSystems":true},"in2DMode":false,"pivot":{"x":1.3344194889068604,"y":3.429690361022949,"z":-1.539236068725586},"rotation":{"x":-0.005786830093711615,"y":0.9928813576698303,"z":-0.10586708784103394,"w":-0.054271310567855838},"size":6.83652925491333,"orthographic":false}