{"cameraMode":{"drawMode":0,"name":"Shaded","section":"Shading Mode"},"sceneLighting":false,"audioPlay":false,"sceneViewState":{"showFog":true,"showMaterialUpdate":false,"showSkybox":true,"showFlares":true,"showImageEffects":true,"showParticleSystems":true},"in2DMode":false,"pivot":{"x":-0.14153337478637696,"y":0.7434139251708984,"z":0.5476429462432861},"rotation":{"x":-0.35012346506118777,"y":0.40406322479248049,"z":-0.1709422916173935,"w":-0.8276020884513855},"size":9.019468307495118,"orthographic":false}