{"cameraMode":{"drawMode":0,"name":"Shaded","section":"Shading Mode"},"sceneLighting":false,"audioPlay":false,"sceneViewState":{"showFog":true,"showMaterialUpdate":false,"showSkybox":true,"showFlares":true,"showImageEffects":true,"showParticleSystems":true},"in2DMode":false,"pivot":{"x":1.1461029052734376,"y":0.026639938354492189,"z":-0.5414667129516602},"rotation":{"x":0.02365984581410885,"y":0.9603928327560425,"z":-0.2639619708061218,"w":0.08608143776655197},"size":6.756319522857666,"orthographic":false}