{"cameraMode":{"drawMode":0,"name":"Shaded","section":"Shading Mode"},"sceneLighting":true,"audioPlay":false,"sceneViewState":{"showFog":true,"showMaterialUpdate":false,"showSkybox":true,"showFlares":true,"showImageEffects":true,"showParticleSystems":true},"in2DMode":false,"pivot":{"x":-13.997035026550293,"y":-1.934030532836914,"z":-6.233081817626953},"rotation":{"x":-0.25896748900413515,"y":0.17951759696006776,"z":-0.04905040189623833,"w":-0.9477887153625488},"size":42.88838195800781,"orthographic":false}