{"cameraMode":{"drawMode":0,"name":"Shaded","section":"Shading Mode"},"sceneLighting":false,"audioPlay":false,"sceneViewState":{"showFog":true,"showMaterialUpdate":false,"showSkybox":true,"showFlares":true,"showImageEffects":true,"showParticleSystems":true},"in2DMode":false,"pivot":{"x":-0.0632392168045044,"y":0.4853959083557129,"z":0.18968987464904786},"rotation":{"x":-0.46250924468040469,"y":0.07536380738019943,"z":-0.03949665650725365,"w":-0.8825222849845886},"size":6.626011371612549,"orthographic":false}