{"cameraMode":{"drawMode":0,"name":"Shaded","section":"Shading Mode"},"sceneLighting":false,"audioPlay":false,"sceneViewState":{"showFog":true,"showMaterialUpdate":false,"showSkybox":true,"showFlares":true,"showImageEffects":true,"showParticleSystems":true},"in2DMode":false,"pivot":{"x":-0.714474081993103,"y":1.9989227056503297,"z":-0.6879472732543945},"rotation":{"x":-0.0011781170032918454,"y":0.9932498931884766,"z":-0.11554539948701859,"w":-0.010131806135177613},"size":3.94931697845459,"orthographic":false}