{"cameraMode":{"drawMode":0,"name":"Shaded","section":"Shading Mode"},"sceneLighting":false,"audioPlay":false,"sceneViewState":{"showFog":true,"showMaterialUpdate":false,"showSkybox":true,"showFlares":true,"showImageEffects":true,"showParticleSystems":true},"in2DMode":false,"pivot":{"x":-0.2496723085641861,"y":2.7473106384277345,"z":-0.4283936023712158},"rotation":{"x":-0.009378159418702126,"y":0.9685231447219849,"z":-0.24599091708660127,"w":-0.03692498430609703},"size":2.2955820560455324,"orthographic":false}