{"cameraMode":{"drawMode":0,"name":"Shaded","section":"Shading Mode"},"sceneLighting":false,"audioPlay":false,"sceneViewState":{"showFog":true,"showMaterialUpdate":false,"showSkybox":true,"showFlares":true,"showImageEffects":true,"showParticleSystems":true},"in2DMode":false,"pivot":{"x":0.25487422943115237,"y":0.3218569755554199,"z":-0.19426894187927247},"rotation":{"x":-0.2356475591659546,"y":0.7638364434242249,"z":-0.4406193494796753,"w":-0.4085080623626709},"size":3.7563178539276125,"orthographic":false}