{"cameraMode":{"drawMode":0,"name":"Shaded","section":"Shading Mode"},"sceneLighting":false,"audioPlay":false,"sceneViewState":{"showFog":true,"showMaterialUpdate":false,"showSkybox":true,"showFlares":true,"showImageEffects":true,"showParticleSystems":true},"in2DMode":false,"pivot":{"x":0.35967499017715456,"y":0.45334529876708987,"z":-0.8623778820037842},"rotation":{"x":0.004693427123129368,"y":0.972954511642456,"z":-0.23009514808654786,"w":0.019843848422169687},"size":4.956318378448486,"orthographic":false}