{"cameraMode":{"drawMode":0,"name":"Shaded","section":"Shading Mode"},"sceneLighting":false,"audioPlay":false,"sceneViewState":{"showFog":true,"showMaterialUpdate":false,"showSkybox":true,"showFlares":true,"showImageEffects":true,"showParticleSystems":true},"in2DMode":false,"pivot":{"x":-11.399999618530274,"y":14.699999809265137,"z":-16.700000762939454},"rotation":{"x":-0.5017185211181641,"y":0.22629132866859437,"z":-0.13787800073623658,"w":-0.8234442472457886},"size":38.988319396972659,"orthographic":false}