{"cameraMode":{"drawMode":0,"name":"Shaded","section":"Shading Mode"},"sceneLighting":false,"audioPlay":false,"sceneViewState":{"showFog":true,"showMaterialUpdate":false,"showSkybox":true,"showFlares":true,"showImageEffects":true,"showParticleSystems":true},"in2DMode":false,"pivot":{"x":0.6269893646240234,"y":3.432126998901367,"z":-0.251676082611084},"rotation":{"x":-0.155896857380867,"y":0.8440682888031006,"z":-0.3585834205150604,"w":-0.36696451902389529},"size":9.892745971679688,"orthographic":false}