{"cameraMode":{"drawMode":0,"name":"Shaded","section":"Shading Mode"},"sceneLighting":false,"audioPlay":false,"sceneViewState":{"showFog":true,"showMaterialUpdate":false,"showSkybox":true,"showFlares":true,"showImageEffects":true,"showParticleSystems":true},"in2DMode":false,"pivot":{"x":-0.7230799198150635,"y":2.8099377155303957,"z":0.14836707711219788},"rotation":{"x":-0.16241693496704102,"y":-0.718849778175354,"z":0.17913594841957093,"w":-0.6517561078071594},"size":2.908374547958374,"orthographic":false}