{"cameraMode":{"drawMode":0,"name":"Shaded","section":"Shading Mode"},"sceneLighting":true,"audioPlay":false,"sceneViewState":{"showFog":true,"showMaterialUpdate":false,"showSkybox":true,"showFlares":true,"showImageEffects":true,"showParticleSystems":true},"in2DMode":false,"pivot":{"x":-2.6064395904541017,"y":2.3808631896972658,"z":-15.107438087463379},"rotation":{"x":-0.36385658383369448,"y":0.4162984788417816,"z":-0.186519056558609,"w":-0.812105119228363},"size":36.734745025634769,"orthographic":false}