{"cameraMode":{"drawMode":0,"name":"Shaded","section":"Shading Mode"},"sceneLighting":false,"audioPlay":false,"sceneViewState":{"showFog":true,"showMaterialUpdate":false,"showSkybox":true,"showFlares":true,"showImageEffects":true,"showParticleSystems":true},"in2DMode":false,"pivot":{"x":0.0,"y":0.0494999997317791,"z":-1.4527176972478629e-7},"rotation":{"x":0.004693427123129368,"y":0.972954511642456,"z":-0.23009514808654786,"w":0.019843848422169687},"size":1.9633829593658448,"orthographic":false}