{"cameraMode":{"drawMode":0,"name":"Shaded","section":"Shading Mode"},"sceneLighting":false,"audioPlay":false,"sceneViewState":{"showFog":true,"showMaterialUpdate":false,"showSkybox":true,"showFlares":true,"showImageEffects":true,"showParticleSystems":true},"in2DMode":false,"pivot":{"x":-0.0632392168045044,"y":0.4853959083557129,"z":0.18968987464904786},"rotation":{"x":-0.0028618567157536747,"y":0.9907175898551941,"z":-0.021115994080901147,"w":-0.13425566256046296},"size":6.626011371612549,"orthographic":false}