{"cameraMode":{"drawMode":0,"name":"Shaded","section":"Shading Mode"},"sceneLighting":false,"audioPlay":false,"sceneViewState":{"showFog":true,"showMaterialUpdate":false,"showSkybox":true,"showFlares":true,"showImageEffects":true,"showParticleSystems":true},"in2DMode":false,"pivot":{"x":-3.940047264099121,"y":2.7687907218933107,"z":-0.8122880458831787},"rotation":{"x":0.007800044491887093,"y":0.9793487787246704,"z":-0.03851878270506859,"w":0.19832171499729157},"size":5.2218780517578129,"orthographic":false}