{"cameraMode":{"drawMode":0,"name":"Shaded","section":"Shading Mode"},"sceneLighting":false,"audioPlay":false,"sceneViewState":{"showFog":true,"showMaterialUpdate":false,"showSkybox":true,"showFlares":true,"showImageEffects":true,"showParticleSystems":true},"in2DMode":false,"pivot":{"x":-0.6333165764808655,"y":2.3193087577819826,"z":0.9883823394775391},"rotation":{"x":-0.0028618567157536747,"y":0.9907175898551941,"z":-0.021115994080901147,"w":-0.13425566256046296},"size":9.223780632019043,"orthographic":false}