{"cameraMode":{"drawMode":0,"name":"Shaded","section":"Shading Mode"},"sceneLighting":false,"audioPlay":false,"sceneViewState":{"showFog":true,"showMaterialUpdate":false,"showSkybox":true,"showFlares":true,"showImageEffects":true,"showParticleSystems":true},"in2DMode":false,"pivot":{"x":-11.399999618530274,"y":14.699999809265137,"z":-16.700000762939454},"rotation":{"x":-0.0028618567157536747,"y":0.9907175898551941,"z":-0.021115994080901147,"w":-0.13425566256046296},"size":22.0,"orthographic":false}